Employee_ID,Employee_Name,Department,Pickup_Location,Office_Location
E001,Aarav Sharma,IT,Whitefield,Electronic City
E002,Priya Singh,HR,Marathahalli,Manyata Tech Park
E003,Rahul Kumar,Finance,HSR Layout,Whitefield
E004,Neha Gupta,IT,Electronic City,Manyata Tech Park
E005,Rohan Mehta,Sales,BTM Layout,Whitefield
E006,Ananya Verma,IT,Bellandur,Electronic City
E007,Vikram Rao,Finance,Koramangala,Whitefield
E008,Sneha Patel,HR,Sarjapur Road,Electronic City
E009,Karan Joshi,IT,Indiranagar,Manyata Tech Park
E010,Pooja Nair,Admin,Marathahalli,Whitefield
E011,Aditya Das,IT,HSR Layout,Electronic City
E012,Kavya Reddy,Finance,Bellandur,Whitefield
E013,Manish Yadav,IT,Electronic City,Whitefield
E014,Isha Malhotra,HR,Koramangala,Manyata Tech Park
E015,Nitin Kapoor,Finance,BTM Layout,Electronic City
E016,Simran Kaur,IT,Sarjapur Road,Whitefield
E017,Arjun Bhat,Admin,Indiranagar,Manyata Tech Park
E018,Meera Shah,IT,Marathahalli,Electronic City
E019,Sahil Jain,Finance,HSR Layout,Whitefield
E020,Tanya Roy,HR,Bellandur,Manyata Tech Park
